kk,kw,cc,jl,kb,kn,jj
서울,춘천시,청주시,전주시,포항시,창원시,제주시
인천광역시,원주시,충주시,군산시,경주시,진주시,서귀포시
세종특별자치시,강릉시,추풍령,익산시,김천시,통영시,성산포
백령도,동해시,제천시,정읍시,안동시,사천시,성판악
강화군,대관령,보은군,남원시,구미시,김해시,
수원시,태백시,옥천군,김제시,영주시,밀양시,
성남시,속초시,영동군,완주군,영천시,거제시,
의정부시,삼척시,증평군,진안군,상주시,양산시,
안양시,홍천군,괴산군,무주군,문경시,의령군,
부천시,횡성군,음성군,장수군,경산시,함안군,
광명시,영월군,단양군,임실군,군위군,창녕군,
평택시,평창군,천안시,순창군,의성군,고성군,
동두천시,정선군,공주시,고창군,청송군,남해군,
안산시,철원군,보령시,부안군,영양군,하동군,
고양시,화천군,아산시,목포시,영덕군,산청군,
과천시,양구군,서산시,여수시,청도군,함양군,
구리시,인제군,논산시,순천시,고령군,거창군,
남양주시,고성군,계룡시,나주시,성주군,합천군,
오산시,양양군,당진시,광양시,달성군,,
시흥시,,금산군,담양군,칠곡군,,
군포시,,부여군,곡성군,예천군,,
의왕시,,서천군,구례군,봉화군,,
하남시,,청양군,고흥군,울진군,,
용인시,,홍성군,보성군,울릉군,,
파주시,,예산군,화순군,독도,,
이천시,,태안군,장흥군,,,
안성시,,,강진군,,,
김포시,,,해남군,,,
화성시,,,영암군,,,
광주시,,,흑산도,,,
양주시,,,무안군,,,
포천시,,,함평군,,,
여주시,,,영광군,,,
연천군,,,장성군,,,
가평군,,,완도군,,,
양평군,,,진도군,,,
,,,신안군,,,
